{"todayhumor.co.kr": {"median_rtt": 92.409000000000006, "drop_rate": 0.2, "max_rtt": 197.28100000000001}, "google.com": {"median_rtt": 4.9089999999999998, "drop_rate": 0.2, "max_rtt": 239.982}, "taobao.com": {"median_rtt": 257.44799999999998, "drop_rate": 11.4, "max_rtt": 785.06299999999999}, "zanvarsity.ac.tz": {"median_rtt": 335.07799999999997, "drop_rate": 0.2, "max_rtt": 1005.17}}