{"quora.com": {"median_rtt": -1.0, "drop_rate": 100.0, "max_rtt": -1.0}, "wikipedia.org": {"median_rtt": 6.3170000000000002, "drop_rate": 0.0, "max_rtt": 16.449999999999999}, "whatsapp.com": {"median_rtt": 71.3005, "drop_rate": 0.0, "max_rtt": 76.016999999999996}, "360.cn": {"median_rtt": 164.607, "drop_rate": 0.0, "max_rtt": 228.68299999999999}, "wikia.com": {"median_rtt": 6.1449999999999996, "drop_rate": 0.0, "max_rtt": 23.821999999999999}, "yandex.ru": {"median_rtt": 182.00150000000002, "drop_rate": 0.0, "max_rtt": 188.00299999999999}, "flipkart.com": {"median_rtt": 318.82499999999999, "drop_rate": 0.0, "max_rtt": 368.38499999999999}, "google.pl": {"median_rtt": 4.7530000000000001, "drop_rate": 0.0, "max_rtt": 78.552999999999997}, "tmall.com": {"median_rtt": 270.68000000000001, "drop_rate": 20.0, "max_rtt": 1028.194}, "baidu.com": {"median_rtt": 276.24350000000004, "drop_rate": 0.0, "max_rtt": 330.72500000000002}, "t.co": {"median_rtt": 8.0120000000000005, "drop_rate": 0.0, "max_rtt": 18.834}, "netflix.com": {"median_rtt": -1.0, "drop_rate": 100.0, "max_rtt": -1.0}, "craigslist.org": {"median_rtt": 74.781499999999994, "drop_rate": 0.0, "max_rtt": 76.983999999999995}, "github.com": {"median_rtt": 77.895499999999998, "drop_rate": 0.0, "max_rtt": 98.212999999999994}, "naver.com": {"median_rtt": -1.0, "drop_rate": 100.0, "max_rtt": -1.0}, "popads.net": {"median_rtt": 15.032499999999999, "drop_rate": 0.0, "max_rtt": 37.473999999999997}, "cnn.com": {"median_rtt": 6.3599999999999994, "drop_rate": 0.0, "max_rtt": 8.3699999999999992}, "blogspot.com": {"median_rtt": 10.455, "drop_rate": 0.0, "max_rtt": 44.231999999999999}, "office.com": {"median_rtt": -1.0, "drop_rate": 100.0, "max_rtt": -1.0}, "imgur.com": {"median_rtt": 7.9905000000000008, "drop_rate": 0.0, "max_rtt": 21.245000000000001}, "google.it": {"median_rtt": 11.0535, "drop_rate": 0.0, "max_rtt": 32.790999999999997}, "gmw.cn": {"median_rtt": 81.555999999999997, "drop_rate": 0.0, "max_rtt": 107.17}, "google.com.mx": {"median_rtt": 8.8294999999999995, "drop_rate": 0.0, "max_rtt": 16.038}, "360.com": {"median_rtt": 294.0745, "drop_rate": 20.0, "max_rtt": 350.35199999999998}, "microsoft.com": {"median_rtt": -1.0, "drop_rate": 100.0, "max_rtt": -1.0}, "google.co.jp": {"median_rtt": 4.2635000000000005, "drop_rate": 0.0, "max_rtt": 8.1600000000000001}, "aliexpress.com": {"median_rtt": 11.347, "drop_rate": 0.0, "max_rtt": 37.774000000000001}, "ok.ru": {"median_rtt": 276.60199999999998, "drop_rate": 0.0, "max_rtt": 352.01100000000002}, "tianya.cn": {"median_rtt": 181.59300000000002, "drop_rate": 0.0, "max_rtt": 206.87}, "dropbox.com": {"median_rtt": 5.7334999999999994, "drop_rate": 0.0, "max_rtt": 18.02}, "google.com.br": {"median_rtt": 4.1530000000000005, "drop_rate": 0.0, "max_rtt": 17.117999999999999}, "google.fr": {"median_rtt": 4.6935000000000002, "drop_rate": 0.0, "max_rtt": 18.059999999999999}, "hao123.com": {"median_rtt": 178.22499999999999, "drop_rate": 30.0, "max_rtt": 192.49199999999999}, "twitch.tv": {"median_rtt": -1.0, "drop_rate": 100.0, "max_rtt": -1.0}, "google.com.eg": {"median_rtt": 8.3060000000000009, "drop_rate": 0.0, "max_rtt": 12.85}, "taobao.com": {"median_rtt": 317.24099999999999, "drop_rate": 0.0, "max_rtt": 375.60199999999998}, "xinhuanet.com": {"median_rtt": -1.0, "drop_rate": 100.0, "max_rtt": -1.0}, "amazon.com": {"median_rtt": -1.0, "drop_rate": 100.0, "max_rtt": -1.0}, "cnzz.com": {"median_rtt": 365.26350000000002, "drop_rate": 60.0, "max_rtt": 379.81099999999998}, "google.com.tw": {"median_rtt": 4.4775, "drop_rate": 0.0, "max_rtt": 14.101000000000001}, "google.com.tr": {"median_rtt": 4.5295000000000005, "drop_rate": 0.0, "max_rtt": 34.0}, "pinterest.com": {"median_rtt": 6.5229999999999997, "drop_rate": 0.0, "max_rtt": 26.012}, "instagram.com": {"median_rtt": 77.455999999999989, "drop_rate": 0.0, "max_rtt": 79.858999999999995}, "tumblr.com": {"median_rtt": -1.0, "drop_rate": 100.0, "max_rtt": -1.0}, "adobe.com": {"median_rtt": 47.625, "drop_rate": 0.0, "max_rtt": 48.926000000000002}, "xhamster.com": {"median_rtt": 159.04399999999998, "drop_rate": 0.0, "max_rtt": 172.072}, "amazon.in": {"median_rtt": -1.0, "drop_rate": 100.0, "max_rtt": -1.0}, "soso.com": {"median_rtt": 188.89499999999998, "drop_rate": 20.0, "max_rtt": 190.30600000000001}, "msn.com": {"median_rtt": -1.0, "drop_rate": 100.0, "max_rtt": -1.0}, "sina.com.cn": {"median_rtt": -1.0, "drop_rate": 100.0, "max_rtt": -1.0}, "ebay.com": {"median_rtt": -1.0, "drop_rate": 100.0, "max_rtt": -1.0}, "live.com": {"median_rtt": -1.0, "drop_rate": 100.0, "max_rtt": -1.0}, "xvideos.com": {"median_rtt": -1.0, "drop_rate": 100.0, "max_rtt": -1.0}, "google.com.au": {"median_rtt": 5.0630000000000006, "drop_rate": 0.0, "max_rtt": 19.885000000000002}, "mail.ru": {"median_rtt": 336.57999999999998, "drop_rate": 0.0, "max_rtt": 375.077}, "onclickads.net": {"median_rtt": 146.05849999999998, "drop_rate": 0.0, "max_rtt": 152.69200000000001}, "google.com.hk": {"median_rtt": 4.6244999999999994, "drop_rate": 0.0, "max_rtt": 22.286999999999999}, "google.co.in": {"median_rtt": 4.2535000000000007, "drop_rate": 0.0, "max_rtt": 19.295000000000002}, "google.co.id": {"median_rtt": 4.5564999999999998, "drop_rate": 0.0, "max_rtt": 6.4240000000000004}, "microsoftonline.com": {"median_rtt": -1.0, "drop_rate": 100.0, "max_rtt": -1.0}, "twitter.com": {"median_rtt": 7.9604999999999997, "drop_rate": 0.0, "max_rtt": 34.170000000000002}, "google.de": {"median_rtt": 8.660499999999999, "drop_rate": 0.0, "max_rtt": 75.634}, "haosou.com": {"median_rtt": 189.92399999999998, "drop_rate": 0.0, "max_rtt": 210.726}, "yahoo.com": {"median_rtt": 35.4315, "drop_rate": 0.0, "max_rtt": 272.26900000000001}, "yahoo.co.jp": {"median_rtt": 117.05, "drop_rate": 0.0, "max_rtt": 156.36199999999999}, "coccoc.com": {"median_rtt": 215.97450000000001, "drop_rate": 20.0, "max_rtt": 256.63499999999999}, "pixnet.net": {"median_rtt": 154.06399999999999, "drop_rate": 0.0, "max_rtt": 167.84100000000001}, "apple.com": {"median_rtt": -1.0, "drop_rate": 100.0, "max_rtt": -1.0}, "amazon.de": {"median_rtt": -1.0, "drop_rate": 100.0, "max_rtt": -1.0}, "wordpress.com": {"median_rtt": 5.8174999999999999, "drop_rate": 0.0, "max_rtt": 30.07}, "alibaba.com": {"median_rtt": 7.6204999999999998, "drop_rate": 0.0, "max_rtt": 28.488}, "adf.ly": {"median_rtt": 5.2155000000000005, "drop_rate": 0.0, "max_rtt": 18.640999999999998}, "google.es": {"median_rtt": 4.702, "drop_rate": 0.0, "max_rtt": 18.398}, "isanalyze.com": {"median_rtt": 71.957999999999998, "drop_rate": 0.0, "max_rtt": 75.219999999999999}, "qq.com": {"median_rtt": 293.262, "drop_rate": 10.0, "max_rtt": 357.73599999999999}, "paypal.com": {"median_rtt": -1.0, "drop_rate": 100.0, "max_rtt": -1.0}, "vk.com": {"median_rtt": 186.91550000000001, "drop_rate": 0.0, "max_rtt": 216.28899999999999}, "blogger.com": {"median_rtt": 4.734, "drop_rate": 0.0, "max_rtt": 32.439999999999998}, "youtube.com": {"median_rtt": 4.8450000000000006, "drop_rate": 0.0, "max_rtt": 12.022}, "sohu.com": {"median_rtt": 164.80450000000002, "drop_rate": 0.0, "max_rtt": 189.44800000000001}, "stackoverflow.com": {"median_rtt": 7.2989999999999995, "drop_rate": 0.0, "max_rtt": 22.405000000000001}, "google.ru": {"median_rtt": 10.698, "drop_rate": 0.0, "max_rtt": 19.297000000000001}, "linkedin.com": {"median_rtt": 15.920000000000002, "drop_rate": 0.0, "max_rtt": 57.119}, "bing.com": {"median_rtt": 5.3094999999999999, "drop_rate": 0.0, "max_rtt": 19.875}, "weibo.com": {"median_rtt": 181.63399999999999, "drop_rate": 10.0, "max_rtt": 257.16899999999998}, "google.co.uk": {"median_rtt": 5.0564999999999998, "drop_rate": 0.0, "max_rtt": 40.835999999999999}, "google.co.kr": {"median_rtt": 4.5184999999999995, "drop_rate": 0.0, "max_rtt": 30.760000000000002}, "facebook.com": {"median_rtt": 14.626999999999999, "drop_rate": 0.0, "max_rtt": 39.720999999999997}, "pornhub.com": {"median_rtt": 150.04250000000002, "drop_rate": 0.0, "max_rtt": 154.41300000000001},